Borrower_ID,Name,Email
1,Alice Johnson,alice.johnson@example.com
2,Bob Smith,bob.smith@example.com
3,Cathy Brown,cathy.brown@example.com
4,David Wilson,david.wilson@example.com
5,Emma Davis,emma.davis@example.com
6,Frank Miller,frank.miller@example.com
7,Grace Lee,grace.lee@example.com
8,Hannah Walker,hannah.walker@example.com
9,Ian Thompson,ian.thompson@example.com
10,Julia Roberts,julia.roberts@example.com
11,Kevin Martin,kevin.martin@example.com
12,Laura Scott,laura.scott@example.com
13,Michael Jordan,michael.jordan@example.com
14,Nancy Adams,nancy.adams@example.com
15,Oliver Stone,oliver.stone@example.com
16,Paul Green,paul.green@example.com
17,Quincy Taylor,quincy.taylor@example.com
18,Rachel White,rachel.white@example.com
19,Sam Harris,sam.harris@example.com
20,Tina Turner,tina.turner@example.com
21,Uma Thurman,uma.thurman@example.com
22,Victor Cruz,victor.cruz@example.com
23,Wendy Olson,wendy.olson@example.com
24,Xander Grey,xander.grey@example.com
25,Yara Martinez,yara.martinez@example.com
26,Zachary King,zachary.king@example.com
27,Amber Wilson,amber.wilson@example.com
28,Brad Cooper,brad.cooper@example.com
29,Clara Bennett,clara.bennett@example.com
30,Daniel Craig,daniel.craig@example.com
31,Eva Mendes,eva.mendes@example.com
32,Felix Holmes,felix.holmes@example.com
33,Gloria Carter,gloria.carter@example.com
34,Harry Potter,harry.potter@example.com
35,Ivy Watson,ivy.watson@example.com
36,Jack Ryan,jack.ryan@example.com
37,Kelly Clarkson,kelly.clarkson@example.com
38,Liam Hemsworth,liam.hemsworth@example.com
39,Monica Geller,monica.geller@example.com
40,Nick Fury,nick.fury@example.com
41,Oscar Wilde,oscar.wilde@example.com
42,Pam Beesly,pam.beesly@example.com
43,Quentin Tarantino,quentin.tarantino@example.com
44,Ron Weasley,ron.weasley@example.com
45,Sandy Smith,sandy.smith@example.com
46,Tony Stark,tony.stark@example.com
47,Uma Karla,uma.karla@example.com
48,Victor Hugo,victor.hugo@example.com
49,Wes Anderson,wes.anderson@example.com
50,Xena Warrior,xena.warrior@example.com
